Location;INDICATOR;SUBJECT;MEASURE;FREQUENCY;TIME;Value;Flag Codes
USA;CCI;AMPLITUD;LTRENDIDX;M;1960-01;1.017.499;
USA;CCI;AMPLITUD;LTRENDIDX;M;1960-02;1.014.544;
USA;CCI;AMPLITUD;LTRENDIDX;M;1960-03;1.011.992;
USA;CCI;AMPLITUD;LTRENDIDX;M;1960-04;1.010.584;
USA;CCI;AMPLITUD;LTRENDIDX;M;1960-05;1.010.939;
USA;CCI;AMPLITUD;LTRENDIDX;M;1960-06;1.011.945;
USA;CCI;AMPLITUD;LTRENDIDX;M;1960-07;1.012.158;
USA;CCI;AMPLITUD;LTRENDIDX;M;1960-08;1.010.551;
USA;CCI;AMPLITUD;LTRENDIDX;M;1960-09;1.008.059;
USA;CCI;AMPLITUD;LTRENDIDX;M;1960-10;100.599;
USA;CCI;AMPLITUD;LTRENDIDX;M;1960-11;1.005.319;
USA;CCI;AMPLITUD;LTRENDIDX;M;1960-12;1.005.561;
USA;CCI;AMPLITUD;LTRENDIDX;M;1961-01;1.006.118;
USA;CCI;AMPLITUD;LTRENDIDX;M;1961-02;1.006.711;
USA;CCI;AMPLITUD;LTRENDIDX;M;1961-03;1.007.501;
USA;CCI;AMPLITUD;LTRENDIDX;M;1961-04;1.008.897;
USA;CCI;AMPLITUD;LTRENDIDX;M;1961-05;1.011.176;
USA;CCI;AMPLITUD;LTRENDIDX;M;1961-06;1.013.489;
USA;CCI;AMPLITUD;LTRENDIDX;M;1961-07;101.46;
USA;CCI;AMPLITUD;LTRENDIDX;M;1961-08;1.013.586;
USA;CCI;AMPLITUD;LTRENDIDX;M;1961-09;1.011.747;
USA;CCI;AMPLITUD;LTRENDIDX;M;1961-10;1.010.825;
USA;CCI;AMPLITUD;LTRENDIDX;M;1961-11;1.012.052;
USA;CCI;AMPLITUD;LTRENDIDX;M;1961-12;1.014.283;
USA;CCI;AMPLITUD;LTRENDIDX;M;1962-01;1.015.876;
USA;CCI;AMPLITUD;LTRENDIDX;M;1962-02;1.015.563;
USA;CCI;AMPLITUD;LTRENDIDX;M;1962-03;1.013.968;
USA;CCI;AMPLITUD;LTRENDIDX;M;1962-04;1.011.888;
USA;CCI;AMPLITUD;LTRENDIDX;M;1962-05;100.987;
USA;CCI;AMPLITUD;LTRENDIDX;M;1962-06;100.826;
USA;CCI;AMPLITUD;LTRENDIDX;M;1962-07;1.007.514;
USA;CCI;AMPLITUD;LTRENDIDX;M;1962-08;100.809;
USA;CCI;AMPLITUD;LTRENDIDX;M;1962-09;1.009.493;
USA;CCI;AMPLITUD;LTRENDIDX;M;1962-10;1.011.221;
USA;CCI;AMPLITUD;LTRENDIDX;M;1962-11;1.012.899;
USA;CCI;AMPLITUD;LTRENDIDX;M;1962-12;1.014.079;
USA;CCI;AMPLITUD;LTRENDIDX;M;1963-01;101.409;
USA;CCI;AMPLITUD;LTRENDIDX;M;1963-02;1.012.395;
USA;CCI;AMPLITUD;LTRENDIDX;M;1963-03;1.010.103;
USA;CCI;AMPLITUD;LTRENDIDX;M;1963-04;1.008.656;
USA;CCI;AMPLITUD;LTRENDIDX;M;1963-05;1.009.096;
USA;CCI;AMPLITUD;LTRENDIDX;M;1963-06;1.010.504;
USA;CCI;AMPLITUD;LTRENDIDX;M;1963-07;1.011.669;
USA;CCI;AMPLITUD;LTRENDIDX;M;1963-08;1.011.802;
USA;CCI;AMPLITUD;LTRENDIDX;M;1963-09;1.011.481;
USA;CCI;AMPLITUD;LTRENDIDX;M;1963-10;1.011.621;
USA;CCI;AMPLITUD;LTRENDIDX;M;1963-11;1.012.896;
USA;CCI;AMPLITUD;LTRENDIDX;M;1963-12;1.014.695;
USA;CCI;AMPLITUD;LTRENDIDX;M;1964-01;1.016.145;
USA;CCI;AMPLITUD;LTRENDIDX;M;1964-02;1.016.609;
USA;CCI;AMPLITUD;LTRENDIDX;M;1964-03;1.016.531;
USA;CCI;AMPLITUD;LTRENDIDX;M;1964-04;1.016.517;
USA;CCI;AMPLITUD;LTRENDIDX;M;1964-05;1.016.973;
USA;CCI;AMPLITUD;LTRENDIDX;M;1964-06;1.017.659;
USA;CCI;AMPLITUD;LTRENDIDX;M;1964-07;1.018.185;
USA;CCI;AMPLITUD;LTRENDIDX;M;1964-08;1.018.263;
USA;CCI;AMPLITUD;LTRENDIDX;M;1964-09;1.018.138;
USA;CCI;AMPLITUD;LTRENDIDX;M;1964-10;1.018.181;
USA;CCI;AMPLITUD;LTRENDIDX;M;1964-11;1.018.712;
USA;CCI;AMPLITUD;LTRENDIDX;M;1964-12;1.019.631;
USA;CCI;AMPLITUD;LTRENDIDX;M;1965-01;1.020.842;
USA;CCI;AMPLITUD;LTRENDIDX;M;1965-02;1.022.269;
USA;CCI;AMPLITUD;LTRENDIDX;M;1965-03;1.023.601;
USA;CCI;AMPLITUD;LTRENDIDX;M;1965-04;1.024.389;
USA;CCI;AMPLITUD;LTRENDIDX;M;1965-05;1.024.246;
USA;CCI;AMPLITUD;LTRENDIDX;M;1965-06;1.023.589;
USA;CCI;AMPLITUD;LTRENDIDX;M;1965-07;1.022.886;
USA;CCI;AMPLITUD;LTRENDIDX;M;1965-08;1.022.405;
USA;CCI;AMPLITUD;LTRENDIDX;M;1965-09;1.022.025;
USA;CCI;AMPLITUD;LTRENDIDX;M;1965-10;1.021.484;
USA;CCI;AMPLITUD;LTRENDIDX;M;1965-11;102.054;
USA;CCI;AMPLITUD;LTRENDIDX;M;1965-12;1.019.283;
USA;CCI;AMPLITUD;LTRENDIDX;M;1966-01;1.017.775;
USA;CCI;AMPLITUD;LTRENDIDX;M;1966-02;1.016.002;
USA;CCI;AMPLITUD;LTRENDIDX;M;1966-03;1.014.074;
USA;CCI;AMPLITUD;LTRENDIDX;M;1966-04;1.012.065;
USA;CCI;AMPLITUD;LTRENDIDX;M;1966-05;1.010.005;
USA;CCI;AMPLITUD;LTRENDIDX;M;1966-06;1.007.952;
USA;CCI;AMPLITUD;LTRENDIDX;M;1966-07;1.006.025;
USA;CCI;AMPLITUD;LTRENDIDX;M;1966-08;1.004.436;
USA;CCI;AMPLITUD;LTRENDIDX;M;1966-09;1.003.383;
USA;CCI;AMPLITUD;LTRENDIDX;M;1966-10;1.003.342;
USA;CCI;AMPLITUD;LTRENDIDX;M;1966-11;100.481;
USA;CCI;AMPLITUD;LTRENDIDX;M;1966-12;1.007.043;
USA;CCI;AMPLITUD;LTRENDIDX;M;1967-01;1.009.194;
USA;CCI;AMPLITUD;LTRENDIDX;M;1967-02;1.010.698;
USA;CCI;AMPLITUD;LTRENDIDX;M;1967-03;1.011.728;
USA;CCI;AMPLITUD;LTRENDIDX;M;1967-04;1.012.499;
USA;CCI;AMPLITUD;LTRENDIDX;M;1967-05;1.013.054;
USA;CCI;AMPLITUD;LTRENDIDX;M;1967-06;101.33;
USA;CCI;AMPLITUD;LTRENDIDX;M;1967-07;1.012.949;
USA;CCI;AMPLITUD;LTRENDIDX;M;1967-08;1.011.765;
USA;CCI;AMPLITUD;LTRENDIDX;M;1967-09;1.010.416;
USA;CCI;AMPLITUD;LTRENDIDX;M;1967-10;1.009.803;
USA;CCI;AMPLITUD;LTRENDIDX;M;1967-11;1.010.574;
USA;CCI;AMPLITUD;LTRENDIDX;M;1967-12;1.011.883;
USA;CCI;AMPLITUD;LTRENDIDX;M;1968-01;1.012.558;
USA;CCI;AMPLITUD;LTRENDIDX;M;1968-02;1.011.727;
USA;CCI;AMPLITUD;LTRENDIDX;M;1968-03;1.010.078;
USA;CCI;AMPLITUD;LTRENDIDX;M;1968-04;1.008.533;
USA;CCI;AMPLITUD;LTRENDIDX;M;1968-05;1.007.733;
USA;CCI;AMPLITUD;LTRENDIDX;M;1968-06;1.007.419;
USA;CCI;AMPLITUD;LTRENDIDX;M;1968-07;100.724;
USA;CCI;AMPLITUD;LTRENDIDX;M;1968-08;1.007.061;
USA;CCI;AMPLITUD;LTRENDIDX;M;1968-09;1.007.143;
USA;CCI;AMPLITUD;LTRENDIDX;M;1968-10;1.008.009;
USA;CCI;AMPLITUD;LTRENDIDX;M;1968-11;1.010.044;
USA;CCI;AMPLITUD;LTRENDIDX;M;1968-12;1.012.313;
USA;CCI;AMPLITUD;LTRENDIDX;M;1969-01;1.013.458;
USA;CCI;AMPLITUD;LTRENDIDX;M;1969-02;1.012.349;
USA;CCI;AMPLITUD;LTRENDIDX;M;1969-03;1.009.868;
USA;CCI;AMPLITUD;LTRENDIDX;M;1969-04;1.007.003;
USA;CCI;AMPLITUD;LTRENDIDX;M;1969-05;1.004.309;
USA;CCI;AMPLITUD;LTRENDIDX;M;1969-06;100.176;
USA;CCI;AMPLITUD;LTRENDIDX;M;1969-07;9.991.472;
USA;CCI;AMPLITUD;LTRENDIDX;M;1969-08;9.963.288;
USA;CCI;AMPLITUD;LTRENDIDX;M;1969-09;9.935.501;
USA;CCI;AMPLITUD;LTRENDIDX;M;1969-10;9.912.442;
USA;CCI;AMPLITUD;LTRENDIDX;M;1969-11;9.897.948;
USA;CCI;AMPLITUD;LTRENDIDX;M;1969-12;9.888.257;
USA;CCI;AMPLITUD;LTRENDIDX;M;1970-01;9.879.301;
USA;CCI;AMPLITUD;LTRENDIDX;M;1970-02;9.869.195;
USA;CCI;AMPLITUD;LTRENDIDX;M;1970-03;9.859.982;
USA;CCI;AMPLITUD;LTRENDIDX;M;1970-04;9.855.594;
USA;CCI;AMPLITUD;LTRENDIDX;M;1970-05;9.858.901;
USA;CCI;AMPLITUD;LTRENDIDX;M;1970-06;9.863.951;
USA;CCI;AMPLITUD;LTRENDIDX;M;1970-07;9.862.564;
USA;CCI;AMPLITUD;LTRENDIDX;M;1970-08;9.849.184;
USA;CCI;AMPLITUD;LTRENDIDX;M;1970-09;9.832.176;
USA;CCI;AMPLITUD;LTRENDIDX;M;1970-10;9.823.791;
USA;CCI;AMPLITUD;LTRENDIDX;M;1970-11;9.833.764;
USA;CCI;AMPLITUD;LTRENDIDX;M;1970-12;9.854.293;
USA;CCI;AMPLITUD;LTRENDIDX;M;1971-01;9.875.727;
USA;CCI;AMPLITUD;LTRENDIDX;M;1971-02;9.891.693;
USA;CCI;AMPLITUD;LTRENDIDX;M;1971-03;9.903.326;
USA;CCI;AMPLITUD;LTRENDIDX;M;1971-04;9.912.759;
USA;CCI;AMPLITUD;LTRENDIDX;M;1971-05;9.920.937;
USA;CCI;AMPLITUD;LTRENDIDX;M;1971-06;9.927.647;
USA;CCI;AMPLITUD;LTRENDIDX;M;1971-07;9.931.886;
USA;CCI;AMPLITUD;LTRENDIDX;M;1971-08;9.933.709;
USA;CCI;AMPLITUD;LTRENDIDX;M;1971-09;9.938.541;
USA;CCI;AMPLITUD;LTRENDIDX;M;1971-10;9.954.904;
USA;CCI;AMPLITUD;LTRENDIDX;M;1971-11;998.914;
USA;CCI;AMPLITUD;LTRENDIDX;M;1971-12;1.002.859;
USA;CCI;AMPLITUD;LTRENDIDX;M;1972-01;1.005.598;
USA;CCI;AMPLITUD;LTRENDIDX;M;1972-02;1.005.861;
USA;CCI;AMPLITUD;LTRENDIDX;M;1972-03;1.004.954;
USA;CCI;AMPLITUD;LTRENDIDX;M;1972-04;1.004.611;
USA;CCI;AMPLITUD;LTRENDIDX;M;1972-05;1.006.005;
USA;CCI;AMPLITUD;LTRENDIDX;M;1972-06;1.008.202;
USA;CCI;AMPLITUD;LTRENDIDX;M;1972-07;1.009.742;
USA;CCI;AMPLITUD;LTRENDIDX;M;1972-08;1.009.407;
USA;CCI;AMPLITUD;LTRENDIDX;M;1972-09;1.007.656;
USA;CCI;AMPLITUD;LTRENDIDX;M;1972-10;1.004.933;
USA;CCI;AMPLITUD;LTRENDIDX;M;1972-11;1.001.392;
USA;CCI;AMPLITUD;LTRENDIDX;M;1972-12;9.975.954;
USA;CCI;AMPLITUD;LTRENDIDX;M;1973-01;9.940.903;
USA;CCI;AMPLITUD;LTRENDIDX;M;1973-02;991.247;
USA;CCI;AMPLITUD;LTRENDIDX;M;1973-03;9.888.008;
USA;CCI;AMPLITUD;LTRENDIDX;M;1973-04;9.864.896;
USA;CCI;AMPLITUD;LTRENDIDX;M;1973-05;9.842.942;
USA;CCI;AMPLITUD;LTRENDIDX;M;1973-06;9.825.437;
USA;CCI;AMPLITUD;LTRENDIDX;M;1973-07;9.818.599;
USA;CCI;AMPLITUD;LTRENDIDX;M;1973-08;9.826.566;
USA;CCI;AMPLITUD;LTRENDIDX;M;1973-09;9.835.729;
USA;CCI;AMPLITUD;LTRENDIDX;M;1973-10;9.827.022;
USA;CCI;AMPLITUD;LTRENDIDX;M;1973-11;9.787.016;
USA;CCI;AMPLITUD;LTRENDIDX;M;1973-12;9.736.885;
USA;CCI;AMPLITUD;LTRENDIDX;M;1974-01;9.706.236;
USA;CCI;AMPLITUD;LTRENDIDX;M;1974-02;971.706;
USA;CCI;AMPLITUD;LTRENDIDX;M;1974-03;9.748.202;
USA;CCI;AMPLITUD;LTRENDIDX;M;1974-04;9.770.909;
USA;CCI;AMPLITUD;LTRENDIDX;M;1974-05;9.764.059;
USA;CCI;AMPLITUD;LTRENDIDX;M;1974-06;9.737.821;
USA;CCI;AMPLITUD;LTRENDIDX;M;1974-07;970.584;
USA;CCI;AMPLITUD;LTRENDIDX;M;1974-08;967.681;
USA;CCI;AMPLITUD;LTRENDIDX;M;1974-09;9.651.794;
USA;CCI;AMPLITUD;LTRENDIDX;M;1974-10;9.631.187;
USA;CCI;AMPLITUD;LTRENDIDX;M;1974-11;9.617.682;
USA;CCI;AMPLITUD;LTRENDIDX;M;1974-12;9.614.815;
USA;CCI;AMPLITUD;LTRENDIDX;M;1975-01;9.631.911;
USA;CCI;AMPLITUD;LTRENDIDX;M;1975-02;9.678.406;
USA;CCI;AMPLITUD;LTRENDIDX;M;1975-03;973.819;
USA;CCI;AMPLITUD;LTRENDIDX;M;1975-04;9.791.544;
USA;CCI;AMPLITUD;LTRENDIDX;M;1975-05;9.823.788;
USA;CCI;AMPLITUD;LTRENDIDX;M;1975-06;9.840.346;
USA;CCI;AMPLITUD;LTRENDIDX;M;1975-07;9.847.569;
USA;CCI;AMPLITUD;LTRENDIDX;M;1975-08;9.849.228;
USA;CCI;AMPLITUD;LTRENDIDX;M;1975-09;9.852.341;
USA;CCI;AMPLITUD;LTRENDIDX;M;1975-10;9.865.073;
USA;CCI;AMPLITUD;LTRENDIDX;M;1975-11;9.893.167;
USA;CCI;AMPLITUD;LTRENDIDX;M;1975-12;9.926.762;
USA;CCI;AMPLITUD;LTRENDIDX;M;1976-01;9.952.817;
USA;CCI;AMPLITUD;LTRENDIDX;M;1976-02;9.962.035;
USA;CCI;AMPLITUD;LTRENDIDX;M;1976-03;9.963.322;
USA;CCI;AMPLITUD;LTRENDIDX;M;1976-04;9.968.723;
USA;CCI;AMPLITUD;LTRENDIDX;M;1976-05;998.627;
USA;CCI;AMPLITUD;LTRENDIDX;M;1976-06;1.000.874;
USA;CCI;AMPLITUD;LTRENDIDX;M;1976-07;1.002.492;
USA;CCI;AMPLITUD;LTRENDIDX;M;1976-08;1.002.594;
USA;CCI;AMPLITUD;LTRENDIDX;M;1976-09;100.179;
USA;CCI;AMPLITUD;LTRENDIDX;M;1976-10;1.000.871;
USA;CCI;AMPLITUD;LTRENDIDX;M;1976-11;1.000.399;
USA;CCI;AMPLITUD;LTRENDIDX;M;1976-12;1.000.407;
USA;CCI;AMPLITUD;LTRENDIDX;M;1977-01;1.000.919;
USA;CCI;AMPLITUD;LTRENDIDX;M;1977-02;1.001.981;
USA;CCI;AMPLITUD;LTRENDIDX;M;1977-03;1.003.205;
USA;CCI;AMPLITUD;LTRENDIDX;M;1977-04;1.004.091;
USA;CCI;AMPLITUD;LTRENDIDX;M;1977-05;1.004.206;
USA;CCI;AMPLITUD;LTRENDIDX;M;1977-06;1.003.691;
USA;CCI;AMPLITUD;LTRENDIDX;M;1977-07;1.002.607;
USA;CCI;AMPLITUD;LTRENDIDX;M;1977-08;1.000.909;
USA;CCI;AMPLITUD;LTRENDIDX;M;1977-09;9.989.894;
USA;CCI;AMPLITUD;LTRENDIDX;M;1977-10;9.973.042;
USA;CCI;AMPLITUD;LTRENDIDX;M;1977-11;9.962.238;
USA;CCI;AMPLITUD;LTRENDIDX;M;1977-12;9.956.466;
USA;CCI;AMPLITUD;LTRENDIDX;M;1978-01;9.952.682;
USA;CCI;AMPLITUD;LTRENDIDX;M;1978-02;9.943.494;
USA;CCI;AMPLITUD;LTRENDIDX;M;1978-03;9.927.695;
USA;CCI;AMPLITUD;LTRENDIDX;M;1978-04;9.927.551;
USA;CCI;AMPLITUD;LTRENDIDX;M;1978-05;9.930.322;
USA;CCI;AMPLITUD;LTRENDIDX;M;1978-06;9.926.221;
USA;CCI;AMPLITUD;LTRENDIDX;M;1978-07;9.923.199;
USA;CCI;AMPLITUD;LTRENDIDX;M;1978-08;9.911.884;
USA;CCI;AMPLITUD;LTRENDIDX;M;1978-09;9.901.012;
USA;CCI;AMPLITUD;LTRENDIDX;M;1978-10;9.874.722;
USA;CCI;AMPLITUD;LTRENDIDX;M;1978-11;9.830.441;
USA;CCI;AMPLITUD;LTRENDIDX;M;1978-12;9.790.314;
USA;CCI;AMPLITUD;LTRENDIDX;M;1979-01;9.787.411;
USA;CCI;AMPLITUD;LTRENDIDX;M;1979-02;9.785.657;
USA;CCI;AMPLITUD;LTRENDIDX;M;1979-03;9.763.762;
USA;CCI;AMPLITUD;LTRENDIDX;M;1979-04;9.741.293;
USA;CCI;AMPLITUD;LTRENDIDX;M;1979-05;9.726.283;
USA;CCI;AMPLITUD;LTRENDIDX;M;1979-06;9.705.292;
USA;CCI;AMPLITUD;LTRENDIDX;M;1979-07;9.686.768;
USA;CCI;AMPLITUD;LTRENDIDX;M;1979-08;9.690.986;
USA;CCI;AMPLITUD;LTRENDIDX;M;1979-09;9.695.638;
USA;CCI;AMPLITUD;LTRENDIDX;M;1979-10;9.686.982;
USA;CCI;AMPLITUD;LTRENDIDX;M;1979-11;9.684.914;
USA;CCI;AMPLITUD;LTRENDIDX;M;1979-12;968.949;
USA;CCI;AMPLITUD;LTRENDIDX;M;1980-01;96.992;
USA;CCI;AMPLITUD;LTRENDIDX;M;1980-02;9.675.333;
USA;CCI;AMPLITUD;LTRENDIDX;M;1980-03;96.133;
USA;CCI;AMPLITUD;LTRENDIDX;M;1980-04;9.565.152;
USA;CCI;AMPLITUD;LTRENDIDX;M;1980-05;9.561.148;
USA;CCI;AMPLITUD;LTRENDIDX;M;1980-06;9.606.587;
USA;CCI;AMPLITUD;LTRENDIDX;M;1980-07;9.672.306;
USA;CCI;AMPLITUD;LTRENDIDX;M;1980-08;9.743.774;
USA;CCI;AMPLITUD;LTRENDIDX;M;1980-09;9.804.005;
USA;CCI;AMPLITUD;LTRENDIDX;M;1980-10;9.829.606;
USA;CCI;AMPLITUD;LTRENDIDX;M;1980-11;9.816.991;
USA;CCI;AMPLITUD;LTRENDIDX;M;1980-12;9.774.335;
USA;CCI;AMPLITUD;LTRENDIDX;M;1981-01;9.757.148;
USA;CCI;AMPLITUD;LTRENDIDX;M;1981-02;9.746.163;
USA;CCI;AMPLITUD;LTRENDIDX;M;1981-03;9.757.712;
USA;CCI;AMPLITUD;LTRENDIDX;M;1981-04;9.793.933;
USA;CCI;AMPLITUD;LTRENDIDX;M;1981-05;9.825.822;
USA;CCI;AMPLITUD;LTRENDIDX;M;1981-06;9.836.693;
USA;CCI;AMPLITUD;LTRENDIDX;M;1981-07;9.842.964;
USA;CCI;AMPLITUD;LTRENDIDX;M;1981-08;9.840.068;
USA;CCI;AMPLITUD;LTRENDIDX;M;1981-09;9.809.682;
USA;CCI;AMPLITUD;LTRENDIDX;M;1981-10;9.764.499;
USA;CCI;AMPLITUD;LTRENDIDX;M;1981-11;9.723.231;
USA;CCI;AMPLITUD;LTRENDIDX;M;1981-12;9.717.984;
USA;CCI;AMPLITUD;LTRENDIDX;M;1982-01;973.018;
USA;CCI;AMPLITUD;LTRENDIDX;M;1982-02;9.720.112;
USA;CCI;AMPLITUD;LTRENDIDX;M;1982-03;9.705.235;
USA;CCI;AMPLITUD;LTRENDIDX;M;1982-04;9.709.463;
USA;CCI;AMPLITUD;LTRENDIDX;M;1982-05;9.717.268;
USA;CCI;AMPLITUD;LTRENDIDX;M;1982-06;9.716.719;
USA;CCI;AMPLITUD;LTRENDIDX;M;1982-07;9.718.696;
USA;CCI;AMPLITUD;LTRENDIDX;M;1982-08;973.312;
USA;CCI;AMPLITUD;LTRENDIDX;M;1982-09;9.762.931;
USA;CCI;AMPLITUD;LTRENDIDX;M;1982-10;9.789.659;
USA;CCI;AMPLITUD;LTRENDIDX;M;1982-11;979.629;
USA;CCI;AMPLITUD;LTRENDIDX;M;1982-12;9.795.905;
USA;CCI;AMPLITUD;LTRENDIDX;M;1983-01;9.807.497;
USA;CCI;AMPLITUD;LTRENDIDX;M;1983-02;9.853.657;
USA;CCI;AMPLITUD;LTRENDIDX;M;1983-03;9.928.715;
USA;CCI;AMPLITUD;LTRENDIDX;M;1983-04;1.000.931;
USA;CCI;AMPLITUD;LTRENDIDX;M;1983-05;1.006.307;
USA;CCI;AMPLITUD;LTRENDIDX;M;1983-06;1.008.011;
USA;CCI;AMPLITUD;LTRENDIDX;M;1983-07;1.007.597;
USA;CCI;AMPLITUD;LTRENDIDX;M;1983-08;100.598;
USA;CCI;AMPLITUD;LTRENDIDX;M;1983-09;1.004.648;
USA;CCI;AMPLITUD;LTRENDIDX;M;1983-10;1.004.725;
USA;CCI;AMPLITUD;LTRENDIDX;M;1983-11;1.006.946;
USA;CCI;AMPLITUD;LTRENDIDX;M;1983-12;1.010.769;
USA;CCI;AMPLITUD;LTRENDIDX;M;1984-01;1.014.589;
USA;CCI;AMPLITUD;LTRENDIDX;M;1984-02;1.016.099;
USA;CCI;AMPLITUD;LTRENDIDX;M;1984-03;1.016.439;
USA;CCI;AMPLITUD;LTRENDIDX;M;1984-04;1.015.039;
USA;CCI;AMPLITUD;LTRENDIDX;M;1984-05;1.014.143;
USA;CCI;AMPLITUD;LTRENDIDX;M;1984-06;1.013.587;
USA;CCI;AMPLITUD;LTRENDIDX;M;1984-07;101.44;
USA;CCI;AMPLITUD;LTRENDIDX;M;1984-08;1.015.849;
USA;CCI;AMPLITUD;LTRENDIDX;M;1984-09;1.016.108;
USA;CCI;AMPLITUD;LTRENDIDX;M;1984-10;1.014.188;
USA;CCI;AMPLITUD;LTRENDIDX;M;1984-11;101.211;
USA;CCI;AMPLITUD;LTRENDIDX;M;1984-12;1.010.606;
USA;CCI;AMPLITUD;LTRENDIDX;M;1985-01;1.010.397;
USA;CCI;AMPLITUD;LTRENDIDX;M;1985-02;1.009.907;
USA;CCI;AMPLITUD;LTRENDIDX;M;1985-03;1.009.661;
USA;CCI;AMPLITUD;LTRENDIDX;M;1985-04;1.009.673;
USA;CCI;AMPLITUD;LTRENDIDX;M;1985-05;1.009.685;
USA;CCI;AMPLITUD;LTRENDIDX;M;1985-06;1.010.374;
USA;CCI;AMPLITUD;LTRENDIDX;M;1985-07;100.956;
USA;CCI;AMPLITUD;LTRENDIDX;M;1985-08;1.007.861;
USA;CCI;AMPLITUD;LTRENDIDX;M;1985-09;1.006.135;
USA;CCI;AMPLITUD;LTRENDIDX;M;1985-10;1.005.013;
USA;CCI;AMPLITUD;LTRENDIDX;M;1985-11;1.006.227;
USA;CCI;AMPLITUD;LTRENDIDX;M;1985-12;1.008.725;
USA;CCI;AMPLITUD;LTRENDIDX;M;1986-01;1.010.844;
USA;CCI;AMPLITUD;LTRENDIDX;M;1986-02;1.011.853;
USA;CCI;AMPLITUD;LTRENDIDX;M;1986-03;101.214;
USA;CCI;AMPLITUD;LTRENDIDX;M;1986-04;1.012.601;
USA;CCI;AMPLITUD;LTRENDIDX;M;1986-05;1.013.277;
USA;CCI;AMPLITUD;LTRENDIDX;M;1986-06;1.014.377;
USA;CCI;AMPLITUD;LTRENDIDX;M;1986-07;1.013.711;
USA;CCI;AMPLITUD;LTRENDIDX;M;1986-08;1.011.666;
USA;CCI;AMPLITUD;LTRENDIDX;M;1986-09;1.009.713;
USA;CCI;AMPLITUD;LTRENDIDX;M;1986-10;1.008.671;
USA;CCI;AMPLITUD;LTRENDIDX;M;1986-11;1.006.605;
USA;CCI;AMPLITUD;LTRENDIDX;M;1986-12;1.004.871;
USA;CCI;AMPLITUD;LTRENDIDX;M;1987-01;1.004.504;
USA;CCI;AMPLITUD;LTRENDIDX;M;1987-02;1.004.848;
USA;CCI;AMPLITUD;LTRENDIDX;M;1987-03;1.005.678;
USA;CCI;AMPLITUD;LTRENDIDX;M;1987-04;1.006.586;
USA;CCI;AMPLITUD;LTRENDIDX;M;1987-05;1.006.961;
USA;CCI;AMPLITUD;LTRENDIDX;M;1987-06;1.007.783;
USA;CCI;AMPLITUD;LTRENDIDX;M;1987-07;1.008.952;
USA;CCI;AMPLITUD;LTRENDIDX;M;1987-08;1.009.006;
USA;CCI;AMPLITUD;LTRENDIDX;M;1987-09;1.006.921;
USA;CCI;AMPLITUD;LTRENDIDX;M;1987-10;1.003.009;
USA;CCI;AMPLITUD;LTRENDIDX;M;1987-11;9.999.153;
USA;CCI;AMPLITUD;LTRENDIDX;M;1987-12;1.000.727;
USA;CCI;AMPLITUD;LTRENDIDX;M;1988-01;1.003.692;
USA;CCI;AMPLITUD;LTRENDIDX;M;1988-02;1.006.404;
USA;CCI;AMPLITUD;LTRENDIDX;M;1988-03;1.008.243;
USA;CCI;AMPLITUD;LTRENDIDX;M;1988-04;1.008.736;
USA;CCI;AMPLITUD;LTRENDIDX;M;1988-05;1.009.781;
USA;CCI;AMPLITUD;LTRENDIDX;M;1988-06;101.055;
USA;CCI;AMPLITUD;LTRENDIDX;M;1988-07;1.011.316;
USA;CCI;AMPLITUD;LTRENDIDX;M;1988-08;1.012.545;
USA;CCI;AMPLITUD;LTRENDIDX;M;1988-09;1.012.373;
USA;CCI;AMPLITUD;LTRENDIDX;M;1988-10;1.010.778;
USA;CCI;AMPLITUD;LTRENDIDX;M;1988-11;1.009.624;
USA;CCI;AMPLITUD;LTRENDIDX;M;1988-12;1.009.926;
USA;CCI;AMPLITUD;LTRENDIDX;M;1989-01;1.011.525;
USA;CCI;AMPLITUD;LTRENDIDX;M;1989-02;1.011.295;
USA;CCI;AMPLITUD;LTRENDIDX;M;1989-03;1.009.653;
USA;CCI;AMPLITUD;LTRENDIDX;M;1989-04;1.007.408;
USA;CCI;AMPLITUD;LTRENDIDX;M;1989-05;1.005.917;
USA;CCI;AMPLITUD;LTRENDIDX;M;1989-06;1.005.551;
USA;CCI;AMPLITUD;LTRENDIDX;M;1989-07;1.006.108;
USA;CCI;AMPLITUD;LTRENDIDX;M;1989-08;1.007.037;
USA;CCI;AMPLITUD;LTRENDIDX;M;1989-09;1.008.774;
USA;CCI;AMPLITUD;LTRENDIDX;M;1989-10;1.008.578;
USA;CCI;AMPLITUD;LTRENDIDX;M;1989-11;1.007.159;
USA;CCI;AMPLITUD;LTRENDIDX;M;1989-12;1.006.311;
USA;CCI;AMPLITUD;LTRENDIDX;M;1990-01;1.006.281;
USA;CCI;AMPLITUD;LTRENDIDX;M;1990-02;1.006.075;
USA;CCI;AMPLITUD;LTRENDIDX;M;1990-03;1.006.863;
USA;CCI;AMPLITUD;LTRENDIDX;M;1990-04;1.007.463;
USA;CCI;AMPLITUD;LTRENDIDX;M;1990-05;1.005.979;
USA;CCI;AMPLITUD;LTRENDIDX;M;1990-06;1.002.714;
USA;CCI;AMPLITUD;LTRENDIDX;M;1990-07;9.971.988;
USA;CCI;AMPLITUD;LTRENDIDX;M;1990-08;9.883.502;
USA;CCI;AMPLITUD;LTRENDIDX;M;1990-09;9.798.495;
USA;CCI;AMPLITUD;LTRENDIDX;M;1990-10;9.730.554;
USA;CCI;AMPLITUD;LTRENDIDX;M;1990-11;9.706.427;
USA;CCI;AMPLITUD;LTRENDIDX;M;1990-12;9.713.762;
USA;CCI;AMPLITUD;LTRENDIDX;M;1991-01;9.753.594;
USA;CCI;AMPLITUD;LTRENDIDX;M;1991-02;9.826.262;
USA;CCI;AMPLITUD;LTRENDIDX;M;1991-03;9.909.127;
USA;CCI;AMPLITUD;LTRENDIDX;M;1991-04;9.932.533;
USA;CCI;AMPLITUD;LTRENDIDX;M;1991-05;9.930.582;
USA;CCI;AMPLITUD;LTRENDIDX;M;1991-06;9.938.055;
USA;CCI;AMPLITUD;LTRENDIDX;M;1991-07;9.945.081;
USA;CCI;AMPLITUD;LTRENDIDX;M;1991-08;9.940.993;
USA;CCI;AMPLITUD;LTRENDIDX;M;1991-09;9.918.106;
USA;CCI;AMPLITUD;LTRENDIDX;M;1991-10;9.863.647;
USA;CCI;AMPLITUD;LTRENDIDX;M;1991-11;9.796.149;
USA;CCI;AMPLITUD;LTRENDIDX;M;1991-12;9.756.435;
USA;CCI;AMPLITUD;LTRENDIDX;M;1992-01;9.750.862;
USA;CCI;AMPLITUD;LTRENDIDX;M;1992-02;977.888;
USA;CCI;AMPLITUD;LTRENDIDX;M;1992-03;9.829.149;
USA;CCI;AMPLITUD;LTRENDIDX;M;1992-04;9.869.083;
USA;CCI;AMPLITUD;LTRENDIDX;M;1992-05;9.891.819;
USA;CCI;AMPLITUD;LTRENDIDX;M;1992-06;989.249;
USA;CCI;AMPLITUD;LTRENDIDX;M;1992-07;9.872.498;
USA;CCI;AMPLITUD;LTRENDIDX;M;1992-08;9.855.057;
USA;CCI;AMPLITUD;LTRENDIDX;M;1992-09;9.853.857;
USA;CCI;AMPLITUD;LTRENDIDX;M;1992-10;9.883.757;
USA;CCI;AMPLITUD;LTRENDIDX;M;1992-11;9.955.225;
USA;CCI;AMPLITUD;LTRENDIDX;M;1992-12;1.001.338;
USA;CCI;AMPLITUD;LTRENDIDX;M;1993-01;100.286;
USA;CCI;AMPLITUD;LTRENDIDX;M;1993-02;1.001.532;
USA;CCI;AMPLITUD;LTRENDIDX;M;1993-03;9.993.896;
USA;CCI;AMPLITUD;LTRENDIDX;M;1993-04;9.967.377;
USA;CCI;AMPLITUD;LTRENDIDX;M;1993-05;99.335;
USA;CCI;AMPLITUD;LTRENDIDX;M;1993-06;9.907.156;
USA;CCI;AMPLITUD;LTRENDIDX;M;1993-07;9.882.679;
USA;CCI;AMPLITUD;LTRENDIDX;M;1993-08;9.876.405;
USA;CCI;AMPLITUD;LTRENDIDX;M;1993-09;9.890.363;
USA;CCI;AMPLITUD;LTRENDIDX;M;1993-10;9.922.616;
USA;CCI;AMPLITUD;LTRENDIDX;M;1993-11;9.961.388;
USA;CCI;AMPLITUD;LTRENDIDX;M;1993-12;1.001.765;
USA;CCI;AMPLITUD;LTRENDIDX;M;1994-01;100.661;
USA;CCI;AMPLITUD;LTRENDIDX;M;1994-02;1.008.341;
USA;CCI;AMPLITUD;LTRENDIDX;M;1994-03;1.008.217;
USA;CCI;AMPLITUD;LTRENDIDX;M;1994-04;1.007.875;
USA;CCI;AMPLITUD;LTRENDIDX;M;1994-05;1.007.157;
USA;CCI;AMPLITUD;LTRENDIDX;M;1994-06;1.005.934;
USA;CCI;AMPLITUD;LTRENDIDX;M;1994-07;1.005.099;
USA;CCI;AMPLITUD;LTRENDIDX;M;1994-08;1.005.628;
USA;CCI;AMPLITUD;LTRENDIDX;M;1994-09;1.006.441;
USA;CCI;AMPLITUD;LTRENDIDX;M;1994-10;1.007.524;
USA;CCI;AMPLITUD;LTRENDIDX;M;1994-11;1.008.839;
USA;CCI;AMPLITUD;LTRENDIDX;M;1994-12;101.087;
USA;CCI;AMPLITUD;LTRENDIDX;M;1995-01;1.011.814;
USA;CCI;AMPLITUD;LTRENDIDX;M;1995-02;1.010.285;
USA;CCI;AMPLITUD;LTRENDIDX;M;1995-03;1.007.741;
USA;CCI;AMPLITUD;LTRENDIDX;M;1995-04;1.006.638;
USA;CCI;AMPLITUD;LTRENDIDX;M;1995-05;1.006.492;
USA;CCI;AMPLITUD;LTRENDIDX;M;1995-06;1.007.954;
USA;CCI;AMPLITUD;LTRENDIDX;M;1995-07;1.009.304;
USA;CCI;AMPLITUD;LTRENDIDX;M;1995-08;1.008.913;
USA;CCI;AMPLITUD;LTRENDIDX;M;1995-09;1.006.187;
USA;CCI;AMPLITUD;LTRENDIDX;M;1995-10;1.004.384;
USA;CCI;AMPLITUD;LTRENDIDX;M;1995-11;1.003.489;
USA;CCI;AMPLITUD;LTRENDIDX;M;1995-12;1.003.765;
USA;CCI;AMPLITUD;LTRENDIDX;M;1996-01;1.003.953;
USA;CCI;AMPLITUD;LTRENDIDX;M;1996-02;1.004.771;
USA;CCI;AMPLITUD;LTRENDIDX;M;1996-03;1.006.437;
USA;CCI;AMPLITUD;LTRENDIDX;M;1996-04;1.006.766;
USA;CCI;AMPLITUD;LTRENDIDX;M;1996-05;1.006.529;
USA;CCI;AMPLITUD;LTRENDIDX;M;1996-06;1.007.771;
USA;CCI;AMPLITUD;LTRENDIDX;M;1996-07;1.009.596;
USA;CCI;AMPLITUD;LTRENDIDX;M;1996-08;1.010.971;
USA;CCI;AMPLITUD;LTRENDIDX;M;1996-09;1.012.009;
USA;CCI;AMPLITUD;LTRENDIDX;M;1996-10;1.013.408;
USA;CCI;AMPLITUD;LTRENDIDX;M;1996-11;1.014.596;
USA;CCI;AMPLITUD;LTRENDIDX;M;1996-12;1.014.771;
USA;CCI;AMPLITUD;LTRENDIDX;M;1997-01;1.015.351;
USA;CCI;AMPLITUD;LTRENDIDX;M;1997-02;101.67;
USA;CCI;AMPLITUD;LTRENDIDX;M;1997-03;1.018.219;
USA;CCI;AMPLITUD;LTRENDIDX;M;1997-04;1.020.104;
USA;CCI;AMPLITUD;LTRENDIDX;M;1997-05;1.022.234;
USA;CCI;AMPLITUD;LTRENDIDX;M;1997-06;1.024.174;
USA;CCI;AMPLITUD;LTRENDIDX;M;1997-07;102.548;
USA;CCI;AMPLITUD;LTRENDIDX;M;1997-08;102.551;
USA;CCI;AMPLITUD;LTRENDIDX;M;1997-09;1.025.635;
USA;CCI;AMPLITUD;LTRENDIDX;M;1997-10;1.025.556;
USA;CCI;AMPLITUD;LTRENDIDX;M;1997-11;1.025.346;
USA;CCI;AMPLITUD;LTRENDIDX;M;1997-12;1.024.984;
USA;CCI;AMPLITUD;LTRENDIDX;M;1998-01;102.673;
USA;CCI;AMPLITUD;LTRENDIDX;M;1998-02;1.028.597;
USA;CCI;AMPLITUD;LTRENDIDX;M;1998-03;1.028.683;
USA;CCI;AMPLITUD;LTRENDIDX;M;1998-04;1.028.438;
USA;CCI;AMPLITUD;LTRENDIDX;M;1998-05;1.027.305;
USA;CCI;AMPLITUD;LTRENDIDX;M;1998-06;1.025.944;
USA;CCI;AMPLITUD;LTRENDIDX;M;1998-07;1.024.386;
USA;CCI;AMPLITUD;LTRENDIDX;M;1998-08;1.022.187;
USA;CCI;AMPLITUD;LTRENDIDX;M;1998-09;1.019.435;
USA;CCI;AMPLITUD;LTRENDIDX;M;1998-10;1.017.878;
USA;CCI;AMPLITUD;LTRENDIDX;M;1998-11;1.018.947;
USA;CCI;AMPLITUD;LTRENDIDX;M;1998-12;1.020.582;
USA;CCI;AMPLITUD;LTRENDIDX;M;1999-01;1.023.322;
USA;CCI;AMPLITUD;LTRENDIDX;M;1999-02;1.025.703;
USA;CCI;AMPLITUD;LTRENDIDX;M;1999-03;1.026.106;
USA;CCI;AMPLITUD;LTRENDIDX;M;1999-04;1.026.051;
USA;CCI;AMPLITUD;LTRENDIDX;M;1999-05;102.655;
USA;CCI;AMPLITUD;LTRENDIDX;M;1999-06;1.026.677;
USA;CCI;AMPLITUD;LTRENDIDX;M;1999-07;1.026.042;
USA;CCI;AMPLITUD;LTRENDIDX;M;1999-08;1.025.338;
USA;CCI;AMPLITUD;LTRENDIDX;M;1999-09;102.522;
USA;CCI;AMPLITUD;LTRENDIDX;M;1999-10;1.024.985;
USA;CCI;AMPLITUD;LTRENDIDX;M;1999-11;1.026.333;
USA;CCI;AMPLITUD;LTRENDIDX;M;1999-12;1.028.204;
USA;CCI;AMPLITUD;LTRENDIDX;M;2000-01;1.030.829;
USA;CCI;AMPLITUD;LTRENDIDX;M;2000-02;1.031.431;
USA;CCI;AMPLITUD;LTRENDIDX;M;2000-03;103.051;
USA;CCI;AMPLITUD;LTRENDIDX;M;2000-04;1.030.299;
USA;CCI;AMPLITUD;LTRENDIDX;M;2000-05;1.030.011;
USA;CCI;AMPLITUD;LTRENDIDX;M;2000-06;1.028.886;
USA;CCI;AMPLITUD;LTRENDIDX;M;2000-07;1.028.505;
USA;CCI;AMPLITUD;LTRENDIDX;M;2000-08;1.028.108;
USA;CCI;AMPLITUD;LTRENDIDX;M;2000-09;1.027.541;
USA;CCI;AMPLITUD;LTRENDIDX;M;2000-10;1.026.301;
USA;CCI;AMPLITUD;LTRENDIDX;M;2000-11;1.023.428;
USA;CCI;AMPLITUD;LTRENDIDX;M;2000-12;1.017.398;
USA;CCI;AMPLITUD;LTRENDIDX;M;2001-01;1.011.423;
USA;CCI;AMPLITUD;LTRENDIDX;M;2001-02;1.007.055;
USA;CCI;AMPLITUD;LTRENDIDX;M;2001-03;1.005.171;
USA;CCI;AMPLITUD;LTRENDIDX;M;2001-04;1.004.793;
USA;CCI;AMPLITUD;LTRENDIDX;M;2001-05;1.006.197;
USA;CCI;AMPLITUD;LTRENDIDX;M;2001-06;1.007.099;
USA;CCI;AMPLITUD;LTRENDIDX;M;2001-07;1.006.117;
USA;CCI;AMPLITUD;LTRENDIDX;M;2001-08;1.002.672;
USA;CCI;AMPLITUD;LTRENDIDX;M;2001-09;9.977.093;
USA;CCI;AMPLITUD;LTRENDIDX;M;2001-10;99.592;
USA;CCI;AMPLITUD;LTRENDIDX;M;2001-11;9.976.077;
USA;CCI;AMPLITUD;LTRENDIDX;M;2001-12;1.001.692;
USA;CCI;AMPLITUD;LTRENDIDX;M;2002-01;1.005.641;
USA;CCI;AMPLITUD;LTRENDIDX;M;2002-02;1.008.008;
USA;CCI;AMPLITUD;LTRENDIDX;M;2002-03;1.010.147;
USA;CCI;AMPLITUD;LTRENDIDX;M;2002-04;101.075;
USA;CCI;AMPLITUD;LTRENDIDX;M;2002-05;1.010.452;
USA;CCI;AMPLITUD;LTRENDIDX;M;2002-06;1.007.588;
USA;CCI;AMPLITUD;LTRENDIDX;M;2002-07;1.003.753;
USA;CCI;AMPLITUD;LTRENDIDX;M;2002-08;1.000.593;
USA;CCI;AMPLITUD;LTRENDIDX;M;2002-09;9.978.284;
USA;CCI;AMPLITUD;LTRENDIDX;M;2002-10;9.957.413;
USA;CCI;AMPLITUD;LTRENDIDX;M;2002-11;9.959.132;
USA;CCI;AMPLITUD;LTRENDIDX;M;2002-12;9.958.842;
USA;CCI;AMPLITUD;LTRENDIDX;M;2003-01;9.938.432;
USA;CCI;AMPLITUD;LTRENDIDX;M;2003-02;9.920.329;
USA;CCI;AMPLITUD;LTRENDIDX;M;2003-03;9.929.839;
USA;CCI;AMPLITUD;LTRENDIDX;M;2003-04;9.979.485;
USA;CCI;AMPLITUD;LTRENDIDX;M;2003-05;1.002.843;
USA;CCI;AMPLITUD;LTRENDIDX;M;2003-06;1.004.629;
USA;CCI;AMPLITUD;LTRENDIDX;M;2003-07;1.004.655;
USA;CCI;AMPLITUD;LTRENDIDX;M;2003-08;1.003.632;
USA;CCI;AMPLITUD;LTRENDIDX;M;2003-09;1.003.227;
USA;CCI;AMPLITUD;LTRENDIDX;M;2003-10;1.004.923;
USA;CCI;AMPLITUD;LTRENDIDX;M;2003-11;1.008.267;
USA;CCI;AMPLITUD;LTRENDIDX;M;2003-12;1.011.735;
USA;CCI;AMPLITUD;LTRENDIDX;M;2004-01;1.014.932;
USA;CCI;AMPLITUD;LTRENDIDX;M;2004-02;1.013.632;
USA;CCI;AMPLITUD;LTRENDIDX;M;2004-03;1.011.712;
USA;CCI;AMPLITUD;LTRENDIDX;M;2004-04;1.009.753;
USA;CCI;AMPLITUD;LTRENDIDX;M;2004-05;1.008.857;
USA;CCI;AMPLITUD;LTRENDIDX;M;2004-06;1.010.435;
USA;CCI;AMPLITUD;LTRENDIDX;M;2004-07;101.171;
USA;CCI;AMPLITUD;LTRENDIDX;M;2004-08;1.011.427;
USA;CCI;AMPLITUD;LTRENDIDX;M;2004-09;1.010.067;
USA;CCI;AMPLITUD;LTRENDIDX;M;2004-10;1.009.046;
USA;CCI;AMPLITUD;LTRENDIDX;M;2004-11;100.978;
USA;CCI;AMPLITUD;LTRENDIDX;M;2004-12;1.011.334;
USA;CCI;AMPLITUD;LTRENDIDX;M;2005-01;1.011.166;
USA;CCI;AMPLITUD;LTRENDIDX;M;2005-02;1.009.384;
USA;CCI;AMPLITUD;LTRENDIDX;M;2005-03;1.006.758;
USA;CCI;AMPLITUD;LTRENDIDX;M;2005-04;1.004.602;
USA;CCI;AMPLITUD;LTRENDIDX;M;2005-05;1.005.379;
USA;CCI;AMPLITUD;LTRENDIDX;M;2005-06;1.008.242;
USA;CCI;AMPLITUD;LTRENDIDX;M;2005-07;1.007.172;
USA;CCI;AMPLITUD;LTRENDIDX;M;2005-08;1.000.405;
USA;CCI;AMPLITUD;LTRENDIDX;M;2005-09;9.921.793;
USA;CCI;AMPLITUD;LTRENDIDX;M;2005-10;9.895.099;
USA;CCI;AMPLITUD;LTRENDIDX;M;2005-11;9.939.337;
USA;CCI;AMPLITUD;LTRENDIDX;M;2005-12;1.000.535;
USA;CCI;AMPLITUD;LTRENDIDX;M;2006-01;1.003.513;
USA;CCI;AMPLITUD;LTRENDIDX;M;2006-02;1.002.956;
USA;CCI;AMPLITUD;LTRENDIDX;M;2006-03;1.001.453;
USA;CCI;AMPLITUD;LTRENDIDX;M;2006-04;9.985.746;
USA;CCI;AMPLITUD;LTRENDIDX;M;2006-05;9.953.481;
USA;CCI;AMPLITUD;LTRENDIDX;M;2006-06;9.951.105;
USA;CCI;AMPLITUD;LTRENDIDX;M;2006-07;9.955.242;
USA;CCI;AMPLITUD;LTRENDIDX;M;2006-08;9.966.485;
USA;CCI;AMPLITUD;LTRENDIDX;M;2006-09;1.000.256;
USA;CCI;AMPLITUD;LTRENDIDX;M;2006-10;100.506;
USA;CCI;AMPLITUD;LTRENDIDX;M;2006-11;1.007.702;
USA;CCI;AMPLITUD;LTRENDIDX;M;2006-12;1.009.023;
USA;CCI;AMPLITUD;LTRENDIDX;M;2007-01;1.009.389;
USA;CCI;AMPLITUD;LTRENDIDX;M;2007-02;1.006.837;
USA;CCI;AMPLITUD;LTRENDIDX;M;2007-03;1.003.728;
USA;CCI;AMPLITUD;LTRENDIDX;M;2007-04;1.001.737;
USA;CCI;AMPLITUD;LTRENDIDX;M;2007-05;1.001.047;
USA;CCI;AMPLITUD;LTRENDIDX;M;2007-06;1.000.582;
USA;CCI;AMPLITUD;LTRENDIDX;M;2007-07;1.000.317;
USA;CCI;AMPLITUD;LTRENDIDX;M;2007-08;9.976.957;
USA;CCI;AMPLITUD;LTRENDIDX;M;2007-09;9.947.775;
USA;CCI;AMPLITUD;LTRENDIDX;M;2007-10;9.914.088;
USA;CCI;AMPLITUD;LTRENDIDX;M;2007-11;9.881.396;
USA;CCI;AMPLITUD;LTRENDIDX;M;2007-12;9.862.162;
USA;CCI;AMPLITUD;LTRENDIDX;M;2008-01;9.843.674;
USA;CCI;AMPLITUD;LTRENDIDX;M;2008-02;9.799.178;
USA;CCI;AMPLITUD;LTRENDIDX;M;2008-03;9.745.533;
USA;CCI;AMPLITUD;LTRENDIDX;M;2008-04;9.685.065;
USA;CCI;AMPLITUD;LTRENDIDX;M;2008-05;964.165;
USA;CCI;AMPLITUD;LTRENDIDX;M;2008-06;9.627.997;
USA;CCI;AMPLITUD;LTRENDIDX;M;2008-07;9.651.246;
USA;CCI;AMPLITUD;LTRENDIDX;M;2008-08;96.807;
USA;CCI;AMPLITUD;LTRENDIDX;M;2008-09;9.689.405;
USA;CCI;AMPLITUD;LTRENDIDX;M;2008-10;9.649.007;
USA;CCI;AMPLITUD;LTRENDIDX;M;2008-11;9.619.634;
USA;CCI;AMPLITUD;LTRENDIDX;M;2008-12;961.878;
USA;CCI;AMPLITUD;LTRENDIDX;M;2009-01;9.619.604;
USA;CCI;AMPLITUD;LTRENDIDX;M;2009-02;9.616.624;
USA;CCI;AMPLITUD;LTRENDIDX;M;2009-03;9.639.737;
USA;CCI;AMPLITUD;LTRENDIDX;M;2009-04;9.691.029;
USA;CCI;AMPLITUD;LTRENDIDX;M;2009-05;9.735.162;
USA;CCI;AMPLITUD;LTRENDIDX;M;2009-06;9.753.435;
USA;CCI;AMPLITUD;LTRENDIDX;M;2009-07;974.826;
USA;CCI;AMPLITUD;LTRENDIDX;M;2009-08;975.326;
USA;CCI;AMPLITUD;LTRENDIDX;M;2009-09;9.773.615;
USA;CCI;AMPLITUD;LTRENDIDX;M;2009-10;9.777.008;
USA;CCI;AMPLITUD;LTRENDIDX;M;2009-11;9.778.614;
USA;CCI;AMPLITUD;LTRENDIDX;M;2009-12;9.798.544;
USA;CCI;AMPLITUD;LTRENDIDX;M;2010-01;9.817.017;
USA;CCI;AMPLITUD;LTRENDIDX;M;2010-02;9.823.314;
USA;CCI;AMPLITUD;LTRENDIDX;M;2010-03;982.296;
USA;CCI;AMPLITUD;LTRENDIDX;M;2010-04;9.820.626;
USA;CCI;AMPLITUD;LTRENDIDX;M;2010-05;9.820.481;
USA;CCI;AMPLITUD;LTRENDIDX;M;2010-06;9.809.619;
USA;CCI;AMPLITUD;LTRENDIDX;M;2010-07;9.777.113;
USA;CCI;AMPLITUD;LTRENDIDX;M;2010-08;9.757.287;
USA;CCI;AMPLITUD;LTRENDIDX;M;2010-09;9.751.482;
USA;CCI;AMPLITUD;LTRENDIDX;M;2010-10;976.273;
USA;CCI;AMPLITUD;LTRENDIDX;M;2010-11;9.792.114;
USA;CCI;AMPLITUD;LTRENDIDX;M;2010-12;982.076;
USA;CCI;AMPLITUD;LTRENDIDX;M;2011-01;9.833.124;
USA;CCI;AMPLITUD;LTRENDIDX;M;2011-02;9.827.522;
USA;CCI;AMPLITUD;LTRENDIDX;M;2011-03;9.799.706;
USA;CCI;AMPLITUD;LTRENDIDX;M;2011-04;9.793.036;
USA;CCI;AMPLITUD;LTRENDIDX;M;2011-05;9.791.243;
USA;CCI;AMPLITUD;LTRENDIDX;M;2011-06;9.756.158;
USA;CCI;AMPLITUD;LTRENDIDX;M;2011-07;9.690.281;
USA;CCI;AMPLITUD;LTRENDIDX;M;2011-08;9.634.052;
USA;CCI;AMPLITUD;LTRENDIDX;M;2011-09;9.626.381;
USA;CCI;AMPLITUD;LTRENDIDX;M;2011-10;9.652.834;
USA;CCI;AMPLITUD;LTRENDIDX;M;2011-11;9.703.275;
USA;CCI;AMPLITUD;LTRENDIDX;M;2011-12;9.765.668;
USA;CCI;AMPLITUD;LTRENDIDX;M;2012-01;9.818.859;
USA;CCI;AMPLITUD;LTRENDIDX;M;2012-02;9.848.514;
USA;CCI;AMPLITUD;LTRENDIDX;M;2012-03;9.862.804;
USA;CCI;AMPLITUD;LTRENDIDX;M;2012-04;9.866.809;
USA;CCI;AMPLITUD;LTRENDIDX;M;2012-05;9.860.376;
USA;CCI;AMPLITUD;LTRENDIDX;M;2012-06;9.836.819;
USA;CCI;AMPLITUD;LTRENDIDX;M;2012-07;9.828.519;
USA;CCI;AMPLITUD;LTRENDIDX;M;2012-08;9.848.091;
USA;CCI;AMPLITUD;LTRENDIDX;M;2012-09;9.884.534;
USA;CCI;AMPLITUD;LTRENDIDX;M;2012-10;9.910.668;
USA;CCI;AMPLITUD;LTRENDIDX;M;2012-11;9.900.715;
USA;CCI;AMPLITUD;LTRENDIDX;M;2012-12;9.862.237;
USA;CCI;AMPLITUD;LTRENDIDX;M;2013-01;9.847.443;
USA;CCI;AMPLITUD;LTRENDIDX;M;2013-02;9.859.309;
USA;CCI;AMPLITUD;LTRENDIDX;M;2013-03;9.878.531;
USA;CCI;AMPLITUD;LTRENDIDX;M;2013-04;9.902.975;
USA;CCI;AMPLITUD;LTRENDIDX;M;2013-05;9.941.964;
USA;CCI;AMPLITUD;LTRENDIDX;M;2013-06;9.962.122;
USA;CCI;AMPLITUD;LTRENDIDX;M;2013-07;9.957.778;
USA;CCI;AMPLITUD;LTRENDIDX;M;2013-08;9.925.408;
USA;CCI;AMPLITUD;LTRENDIDX;M;2013-09;9.881.486;
USA;CCI;AMPLITUD;LTRENDIDX;M;2013-10;9.854.333;
USA;CCI;AMPLITUD;LTRENDIDX;M;2013-11;9.865.914;
USA;CCI;AMPLITUD;LTRENDIDX;M;2013-12;9.900.922;
USA;CCI;AMPLITUD;LTRENDIDX;M;2014-01;9.920.849;
USA;CCI;AMPLITUD;LTRENDIDX;M;2014-02;9.928.928;
USA;CCI;AMPLITUD;LTRENDIDX;M;2014-03;9.932.647;
USA;CCI;AMPLITUD;LTRENDIDX;M;2014-04;9.941.065;
USA;CCI;AMPLITUD;LTRENDIDX;M;2014-05;9.939.495;
USA;CCI;AMPLITUD;LTRENDIDX;M;2014-06;9.936.449;
USA;CCI;AMPLITUD;LTRENDIDX;M;2014-07;9.935.506;
USA;CCI;AMPLITUD;LTRENDIDX;M;2014-08;9.946.449;
USA;CCI;AMPLITUD;LTRENDIDX;M;2014-09;997.001;
USA;CCI;AMPLITUD;LTRENDIDX;M;2014-10;1.000.313;
USA;CCI;AMPLITUD;LTRENDIDX;M;2014-11;1.004.378;
USA;CCI;AMPLITUD;LTRENDIDX;M;2014-12;1.008.884;
USA;CCI;AMPLITUD;LTRENDIDX;M;2015-01;1.011.921;
USA;CCI;AMPLITUD;LTRENDIDX;M;2015-02;1.011.947;
USA;CCI;AMPLITUD;LTRENDIDX;M;2015-03;1.010.838;
USA;CCI;AMPLITUD;LTRENDIDX;M;2015-04;1.010.209;
USA;CCI;AMPLITUD;LTRENDIDX;M;2015-05;1.009.286;
USA;CCI;AMPLITUD;LTRENDIDX;M;2015-06;1.009.447;
USA;CCI;AMPLITUD;LTRENDIDX;M;2015-07;1.008.129;
USA;CCI;AMPLITUD;LTRENDIDX;M;2015-08;1.005.953;
USA;CCI;AMPLITUD;LTRENDIDX;M;2015-09;1.003.991;
USA;CCI;AMPLITUD;LTRENDIDX;M;2015-10;1.004.327;
USA;CCI;AMPLITUD;LTRENDIDX;M;2015-11;1.005.666;
USA;CCI;AMPLITUD;LTRENDIDX;M;2015-12;1.006.781;
USA;CCI;AMPLITUD;LTRENDIDX;M;2016-01;1.006.931;
USA;CCI;AMPLITUD;LTRENDIDX;M;2016-02;1.006.502;
USA;CCI;AMPLITUD;LTRENDIDX;M;2016-03;1.006.044;
USA;CCI;AMPLITUD;LTRENDIDX;M;2016-04;1.006.298;
USA;CCI;AMPLITUD;LTRENDIDX;M;2016-05;1.007.704;
USA;CCI;AMPLITUD;LTRENDIDX;M;2016-06;100.745;
USA;CCI;AMPLITUD;LTRENDIDX;M;2016-07;1.005.765;
USA;CCI;AMPLITUD;LTRENDIDX;M;2016-08;1.004.548;
USA;CCI;AMPLITUD;LTRENDIDX;M;2016-09;1.004.328;
USA;CCI;AMPLITUD;LTRENDIDX;M;2016-10;1.005.211;
USA;CCI;AMPLITUD;LTRENDIDX;M;2016-11;1.008.993;
USA;CCI;AMPLITUD;LTRENDIDX;M;2016-12;101.287;
USA;CCI;AMPLITUD;LTRENDIDX;M;2017-01;1.014.572;
USA;CCI;AMPLITUD;LTRENDIDX;M;2017-02;1.014.431;
USA;CCI;AMPLITUD;LTRENDIDX;M;2017-03;101.408;
USA;CCI;AMPLITUD;LTRENDIDX;M;2017-04;1.013.625;
USA;CCI;AMPLITUD;LTRENDIDX;M;2017-05;1.012.807;
USA;CCI;AMPLITUD;LTRENDIDX;M;2017-06;1.011.591;
USA;CCI;AMPLITUD;LTRENDIDX;M;2017-07;101.112;
USA;CCI;AMPLITUD;LTRENDIDX;M;2017-08;1.012.228;
USA;CCI;AMPLITUD;LTRENDIDX;M;2017-09;1.013.616;
USA;CCI;AMPLITUD;LTRENDIDX;M;2017-10;1.015.334;
USA;CCI;AMPLITUD;LTRENDIDX;M;2017-11;1.015.104;
USA;CCI;AMPLITUD;LTRENDIDX;M;2017-12;1.014.156;
USA;CCI;AMPLITUD;LTRENDIDX;M;2018-01;1.014.492;
USA;CCI;AMPLITUD;LTRENDIDX;M;2018-02;1.016.323;
USA;CCI;AMPLITUD;LTRENDIDX;M;2018-03;101.746;
USA;CCI;AMPLITUD;LTRENDIDX;M;2018-04;1.016.889;
USA;CCI;AMPLITUD;LTRENDIDX;M;2018-05;1.015.923;
USA;CCI;AMPLITUD;LTRENDIDX;M;2018-06;1.015.271;
USA;CCI;AMPLITUD;LTRENDIDX;M;2018-07;1.014.918;
USA;CCI;AMPLITUD;LTRENDIDX;M;2018-08;1.015.044;
USA;CCI;AMPLITUD;LTRENDIDX;M;2018-09;101.598;
USA;CCI;AMPLITUD;LTRENDIDX;M;2018-10;101.578;
USA;CCI;AMPLITUD;LTRENDIDX;M;2018-11;1.014.554;
USA;CCI;AMPLITUD;LTRENDIDX;M;2018-12;1.012.641;
USA;CCI;AMPLITUD;LTRENDIDX;M;2019-01;101.035;
USA;CCI;AMPLITUD;LTRENDIDX;M;2019-02;1.010.958;
USA;CCI;AMPLITUD;LTRENDIDX;M;2019-03;1.013.403;
USA;CCI;AMPLITUD;LTRENDIDX;M;2019-04;1.015.196;
USA;CCI;AMPLITUD;LTRENDIDX;M;2019-05;1.016.182;
USA;CCI;AMPLITUD;LTRENDIDX;M;2019-06;101.513;
USA;CCI;AMPLITUD;LTRENDIDX;M;2019-07;1.012.529;
USA;CCI;AMPLITUD;LTRENDIDX;M;2019-08;1.009.209;
USA;CCI;AMPLITUD;LTRENDIDX;M;2019-09;1.009.209;
USA;CCI;AMPLITUD;LTRENDIDX;M;2019-10;1.011.483;
USA;CCI;AMPLITUD;LTRENDIDX;M;2019-11;1.014.496;
USA;CCI;AMPLITUD;LTRENDIDX;M;2019-12;101.705;
USA;CCI;AMPLITUD;LTRENDIDX;M;2020-01;1.017.032;
USA;CCI;AMPLITUD;LTRENDIDX;M;2020-02;1.012.233;
USA;CCI;AMPLITUD;LTRENDIDX;M;2020-03;1.001.044;
USA;CCI;AMPLITUD;LTRENDIDX;M;2020-04;9.888.747;
USA;CCI;AMPLITUD;LTRENDIDX;M;2020-05;9.832.687;
USA;CCI;AMPLITUD;LTRENDIDX;M;2020-06;9.827.111;
USA;CCI;AMPLITUD;LTRENDIDX;M;2020-07;9.829.077;
USA;CCI;AMPLITUD;LTRENDIDX;M;2020-08;9.851.771;
USA;CCI;AMPLITUD;LTRENDIDX;M;2020-09;9.886.903;
USA;CCI;AMPLITUD;LTRENDIDX;M;2020-10;9.903.622;
USA;CCI;AMPLITUD;LTRENDIDX;M;2020-11;9.898.476;
USA;CCI;AMPLITUD;LTRENDIDX;M;2020-12;9.897.594;
USA;CCI;AMPLITUD;LTRENDIDX;M;2021-01;9.895.658;
USA;CCI;AMPLITUD;LTRENDIDX;M;2021-02;9.908.105;
USA;CCI;AMPLITUD;LTRENDIDX;M;2021-03;9.950.104;
USA;CCI;AMPLITUD;LTRENDIDX;M;2021-04;9.994.392;
